display_date,campaign_date,reward,campaign,url,mobile_url,source,gift_id,campaign_code,campaign_code_date,section_title,published_at
08/18/2026,20260818,50 能量,coinmaster_reward_pe_FCBiuxWxq_20260817,https://rewards.coinmaster.com/rewards/rewards.html?c=pe_FCBiuxWxq_20260817,https://rewards.coinmaster.com/rewards/rewards.html?c=pe_FCBiuxWxq_20260817,https://mycoinmaster.com/,575851,pe_FCBiuxWxq_20260817,20260817,Coin Master Free Spins Today,
08/18/2026,20260818,50 能量,coinmaster_reward_pe_HELPbZFCvu_20260818,https://rewards.coinmaster.com/rewards/rewards.html?c=pe_HELPbZFCvu_20260818,https://rewards.coinmaster.com/rewards/rewards.html?c=pe_HELPbZFCvu_20260818,https://mycoinmaster.com/,575749,pe_HELPbZFCvu_20260818,20260818,Coin Master Free Spins Today,
08/17/2026,20260817,100 能量,coinmaster_reward_pe_RICHZvtyuj_20260722,https://rewards.coinmaster.com/rewards/rewards.html?c=pe_RICHZvtyuj_20260722,https://rewards.coinmaster.com/rewards/rewards.html?c=pe_RICHZvtyuj_20260722,https://mycoinmaster.com/,574880,pe_RICHZvtyuj_20260722,20260722,Coin Master Free Spins 17 - August,
08/17/2026,20260817,25 能量,coinmaster_reward_pe_EMAILSKvwwU_20260816,https://rewards.coinmaster.com/rewards/rewards.html?c=pe_EMAILSKvwwU_20260816,https://rewards.coinmaster.com/rewards/rewards.html?c=pe_EMAILSKvwwU_20260816,https://mycoinmaster.com/,574728,pe_EMAILSKvwwU_20260816,20260816,Coin Master Free Spins 17 - August,
08/17/2026,20260817,50 能量,coinmaster_reward_pe_FCBEHefiG_20260816,https://rewards.coinmaster.com/rewards/rewards.html?c=pe_FCBEHefiG_20260816,https://rewards.coinmaster.com/rewards/rewards.html?c=pe_FCBEHefiG_20260816,https://mycoinmaster.com/,574615,pe_FCBEHefiG_20260816,20260816,Coin Master Free Spins 17 - August,
08/17/2026,20260817,50 能量,coinmaster_reward_pe_FCBgjKxhP_20260816,https://rewards.coinmaster.com/rewards/rewards.html?c=pe_FCBgjKxhP_20260816,https://rewards.coinmaster.com/rewards/rewards.html?c=pe_FCBgjKxhP_20260816,https://mycoinmaster.com/,574613,pe_FCBgjKxhP_20260816,20260816,Coin Master Free Spins 17 - August,
08/17/2026,20260817,50 能量,coinmaster_reward_pe_FSTmQnuUM_20260816,https://rewards.coinmaster.com/rewards/rewards.html?c=pe_FSTmQnuUM_20260816,https://rewards.coinmaster.com/rewards/rewards.html?c=pe_FSTmQnuUM_20260816,https://mycoinmaster.com/,574612,pe_FSTmQnuUM_20260816,20260816,Coin Master Free Spins 17 - August,
08/17/2026,20260817,50 能量,coinmaster_reward_pe_FCBoaykDJ_20260817,https://rewards.coinmaster.com/rewards/rewards.html?c=pe_FCBoaykDJ_20260817,https://rewards.coinmaster.com/rewards/rewards.html?c=pe_FCBoaykDJ_20260817,https://mycoinmaster.com/,574600,pe_FCBoaykDJ_20260817,20260817,Coin Master Free Spins 17 - August,
08/17/2026,20260817,50 能量,coinmaster_reward_pe_HELPAkXTnc_20260817,https://rewards.coinmaster.com/rewards/rewards.html?c=pe_HELPAkXTnc_20260817,https://rewards.coinmaster.com/rewards/rewards.html?c=pe_HELPAkXTnc_20260817,https://mycoinmaster.com/,574581,pe_HELPAkXTnc_20260817,20260817,Coin Master Free Spins 17 - August,
08/17/2026,20260817,50 能量,coinmaster_reward_pe_INSDgCYRt_20260817,https://rewards.coinmaster.com/rewards/rewards.html?c=pe_INSDgCYRt_20260817,https://rewards.coinmaster.com/rewards/rewards.html?c=pe_INSDgCYRt_20260817,https://mycoinmaster.com/,574580,pe_INSDgCYRt_20260817,20260817,Coin Master Free Spins 17 - August,
08/17/2026,20260817,50 能量,coinmaster_reward_pe_TWIyCVIsU_20260817,https://rewards.coinmaster.com/rewards/rewards.html?c=pe_TWIyCVIsU_20260817,https://rewards.coinmaster.com/rewards/rewards.html?c=pe_TWIyCVIsU_20260817,https://mycoinmaster.com/,574509,pe_TWIyCVIsU_20260817,20260817,Coin Master Free Spins 17 - August,
08/16/2026,20260816,50 能量,coinmaster_reward_pe_THREwgQDyc_20260816,https://rewards.coinmaster.com/rewards/rewards.html?c=pe_THREwgQDyc_20260816,https://rewards.coinmaster.com/rewards/rewards.html?c=pe_THREwgQDyc_20260816,https://mycoinmaster.com/,573079,pe_THREwgQDyc_20260816,20260816,Coin Master Free Spins 16 - August,
Unknown,,25 能量,coinmaster_reward_pe_EMAILSbqfMs_20260814,https://rewards.coinmaster.com/rewards/rewards.html?c=pe_EMAILSbqfMs_20260814,https://rewards.coinmaster.com/rewards/rewards.html?c=pe_EMAILSbqfMs_20260814,https://mycoinmaster.com/,571563,pe_EMAILSbqfMs_20260814,20260814,Coin Master Free Spins Bonus,
Unknown,,25 能量,coinmaster_reward_pe_EMAILbpjaMs_20260812,https://rewards.coinmaster.com/rewards/rewards.html?c=pe_EMAILbpjaMs_20260812,https://rewards.coinmaster.com/rewards/rewards.html?c=pe_EMAILbpjaMs_20260812,https://mycoinmaster.com/,569884,pe_EMAILbpjaMs_20260812,20260812,Coin Master Free Spins Bonus,
Unknown,,25 能量,coinmaster_reward_pe_EMAILfLRwpz_20260813,https://rewards.coinmaster.com/rewards/rewards.html?c=pe_EMAILfLRwpz_20260813,https://rewards.coinmaster.com/rewards/rewards.html?c=pe_EMAILfLRwpz_20260813,https://mycoinmaster.com/,569879,pe_EMAILfLRwpz_20260813,20260813,Coin Master Free Spins Bonus,
Unknown,,25 能量,coinmaster_reward_pe_EMAILNqXqRa_20260811,https://rewards.coinmaster.com/rewards/rewards.html?c=pe_EMAILNqXqRa_20260811,https://rewards.coinmaster.com/rewards/rewards.html?c=pe_EMAILNqXqRa_20260811,https://mycoinmaster.com/,568002,pe_EMAILNqXqRa_20260811,20260811,Coin Master Free Spins Bonus,
Unknown,,25 能量,coinmaster_reward_pe_EMAILPOeQTZ_20260810,https://rewards.coinmaster.com/rewards/rewards.html?c=pe_EMAILPOeQTZ_20260810,https://rewards.coinmaster.com/rewards/rewards.html?c=pe_EMAILPOeQTZ_20260810,https://mycoinmaster.com/,566649,pe_EMAILPOeQTZ_20260810,20260810,Coin Master Free Spins Bonus,
Unknown,,100 能量,coinmaster_reward_pe_RICHJobeBy_20260722,https://rewards.coinmaster.com/rewards/rewards.html?c=pe_RICHJobeBy_20260722,https://rewards.coinmaster.com/rewards/rewards.html?c=pe_RICHJobeBy_20260722,https://mycoinmaster.com/,564987,pe_RICHJobeBy_20260722,20260722,Coin Master Free Spins Bonus,
Unknown,,150 能量,coinmaster_reward_pe_CHATBsLrYmA_20250504,https://rewards.coinmaster.com/rewards/rewards.html?c=pe_CHATBsLrYmA_20250504,https://rewards.coinmaster.com/rewards/rewards.html?c=pe_CHATBsLrYmA_20250504,https://mycoinmaster.com/,38589,pe_CHATBsLrYmA_20250504,20250504,Coin Master Free Spins Bonus,
